station.number,station.name,latitude,longitude,date.time_yyyy.mm.dd.hh.mm.ss,sample.depth_m,chlorophyll.a_ug.L,TSS_mg.L,turbidity.field_NTU,turbidity.lab_NTU,secchi.depth_m,PAR.extinction_per.m,lake.depth_m
SK05JG0223,BUFFALO POUND LK.-UPSTRM OF CSWY E. SIDE (SWA),50.72217,-105.59931,2015-06-01T09:00:00Z,1,13.57,26,26,11,0.23,2.629,2
SK05JG0222,BUFFALO POUND LK.-UPSTRM OF CSWY W. SIDE (SWA),50.72074,-105.60694,2015-06-01T09:20:00Z,1,6.78,5,6.6,3.5,0.9,1.314,2
SK05JG0220,BUFFALO POUND LK.-1.5KM DNSTRM QU'APPELLE R. (SWA),50.73569,-105.62639,2015-06-01T09:50:00Z,1,8.99,18,15,7.4,0.25,2.174,1.45
SK05JG0225,BUFFALO POUND LK.-1.5KM DNSTRM QU'APPELLE E. (SWA),50.73632,-105.62371,2015-06-01T10:05:00Z,1,23.59,37,31,14,1.55,3.715,0.2
SK05JG0224,BUFFALO POUND LK.-1.5KM DNSTRM QU'APPELLE W. (SWA),50.73463,-105.62926,2015-06-01T10:25:00Z,0.7,7.89,10,13.95,4.4,0.5,0.944,1.15
SK05JG0094,BUFFALO POUND LK.-0.5MI. BELOW CAUSEWAY; OPP.,50.71159,-105.58777,2015-06-01T11:05:00Z,1,14.87,6,5.1,3.6,1.1,1.147,2.9
SK05JG0095,BUFFALO POUND LK.-3MI. BELOW CAUSEWAY;OPP.START OF,50.68295,-105.5591,2015-06-01T11:30:00Z,1,9.84,4,3.9,3.7,1.8,0.879,3.9
SK05JG0096,BUFFALO POUND LK.-OPP. SUN VALLEY;OPP.ENTRANCE RD.,50.65615,-105.52058,2015-06-01T12:00:00Z,1,24.61,5,3.8,15,1.3,0.987,4.4
SK05JG0096,BUFFALO POUND LK.-OPP. SUN VALLEY;OPP.ENTRANCE RD.,50.65615,-105.52058,2015-06-01T12:15:00Z,3.5,12.39,5,4.4,2.3,1.3,0.987,4.4
SK05JG0098,BUFFALO POUND LK.-10MI.BELOW CAUSEWAY OPP.PROV.PK.,50.6178,-105.44383,2015-06-01T13:55:00Z,1,33.08,6,4.4,22,1.1,1.092,4.6
SK05JG0102,BUFFALO POUND LK.-OPP. PLANT INTAKE @ MID-LK. (B8,50.58653,-105.38421,2015-06-01T14:30:00Z,1,22.74,5,3.3,13,1.35,1.145,4
SK05JG0102,BUFFALO POUND LK.-OPP. PLANT INTAKE @ MID-LK. (B8,50.58653,-105.38421,2015-06-01T14:50:00Z,3,18.2,8,3.5,3.9,1.35,1.145,4
SK05JG0104,BUFFALO POUND LK.-0.5MI.ABOVE OUTLET FROM BPL @MID,50.57318,-105.34174,2015-06-01T15:10:00Z,1,13.73,5,5.3,10,1.3,1.282,2.4
SK05JG0223,BUFFALO POUND LK.-UPSTRM OF CSWY E. SIDE (SWA),50.72217,-105.59931,2015-06-10T09:45:00Z,1,15.48,8,6.4,5.9,0.9,1.53,2.1
SK05JG0222,BUFFALO POUND LK.-UPSTRM OF CSWY W. SIDE (SWA),50.72074,-105.60694,2015-06-10T10:25:00Z,1,7.26,6,6.3,4.5,1.1,1.143,2.1
SK05JG0220,BUFFALO POUND LK.-1.5KM DNSTRM QU'APPELLE R. (SWA),50.73569,-105.62639,2015-06-10T11:00:00Z,1,9.73,17,15.1,11,0.5,2.131,1.55
SK05JG0225,BUFFALO POUND LK.-1.5KM DNSTRM QU'APPELLE E. (SWA),50.73632,-105.62371,2015-06-10T11:15:00Z,1,11.37,19,18.4,9.8,0.5,2.437,1.5
SK05JG0224,BUFFALO POUND LK.-1.5KM DNSTRM QU'APPELLE W. (SWA),50.73463,-105.62926,2015-06-10T11:35:00Z,0.7,7.44,13,17.85,12,0.4,2.2,1.25
SK05JG0094,BUFFALO POUND LK.-0.5MI. BELOW CAUSEWAY; OPP.,50.71159,-105.58777,2015-06-10T12:00:00Z,1,10.26,3,2.7,2.7,1.8,0.812,3
SK05JG0095,BUFFALO POUND LK.-3MI. BELOW CAUSEWAY;OPP.START OF,50.68295,-105.5591,2015-06-10T12:25:00Z,1,7.26,2,1.8,1.6,2.1,0.76,3.9
SK05JG0096,BUFFALO POUND LK.-OPP. SUN VALLEY;OPP.ENTRANCE RD.,50.65615,-105.52058,2015-06-10T12:50:00Z,1,10.45,4,2.1,2.3,1.9,0.79,4
SK05JG0098,BUFFALO POUND LK.-10MI.BELOW CAUSEWAY OPP.PROV.PK.,50.6178,-105.44383,2015-06-10T13:20:00Z,1,24.57,6,5.2,5.9,1.3,1.086,4.6
SK05JG0102,BUFFALO POUND LK.-OPP. PLANT INTAKE @ MID-LK. (B8,50.58653,-105.38421,2015-06-10T13:45:00Z,1,31.15,7,5.6,8.7,1.2,1.21,3.95
SK05JG0104,BUFFALO POUND LK.-0.5MI.ABOVE OUTLET FROM BPL @MID,50.57318,-105.34174,2015-06-10T14:20:00Z,1,45.37,15,8.4,24,0.6,1.774,2.4
SK05JG0102,BUFFALO POUND LK.-OPP. PLANT INTAKE @ MID-LK. (B8,50.58653,-105.38421,2015-07-13T09:40:00Z,1,18.75,5,4.5,12,1.4,1.177,4
SK05JG0104,BUFFALO POUND LK.-0.5MI.ABOVE OUTLET FROM BPL @MID,50.57318,-105.34174,2015-07-13T10:10:00Z,1,14.25,3,NA,7.5,1.2,1.621,2.4
SK05JG0098,BUFFALO POUND LK.-10MI.BELOW CAUSEWAY OPP.PROV.PK.,50.6178,-105.44383,2015-07-13T10:55:00Z,1,47.18,9,11,26,0.9,1.515,4.5
SK05JG0096,BUFFALO POUND LK.-OPP. SUN VALLEY;OPP.ENTRANCE RD.,50.65615,-105.52058,2015-07-13T11:25:00Z,1,53.29,10,13,17,0.85,1.598,4.2
SK05JG0096,BUFFALO POUND LK.-OPP. SUN VALLEY;OPP.ENTRANCE RD.,50.65615,-105.52058,2015-07-13T11:40:00Z,3.5,12.39,5,13,2.4,0.85,1.598,4.2
SK05JG0095,BUFFALO POUND LK.-3MI. BELOW CAUSEWAY;OPP.START OF,50.68295,-105.5591,2015-07-13T12:00:00Z,1,63.64,10,18,25,0.8,2.16,3.9
SK05JG0094,BUFFALO POUND LK.-0.5MI. BELOW CAUSEWAY; OPP.,50.71159,-105.58777,2015-07-13T12:30:00Z,1,14.17,5,5.8,5.5,1.2,1.202,3
SK05JG0220,BUFFALO POUND LK.-1.5KM DNSTRM QU'APPELLE R. (SWA),50.73569,-105.62639,2015-07-13T13:00:00Z,1,11.21,13,9.2,4.2,0.8,1.285,1.5
SK05JG0223,BUFFALO POUND LK.-UPSTRM OF CSWY E. SIDE (SWA),50.72217,-105.59931,2015-07-14T08:40:00Z,1,6.68,4,4.7,1.3,1.7,0.964,2.1
SK05JG0222,BUFFALO POUND LK.-UPSTRM OF CSWY W. SIDE (SWA),50.72074,-105.60694,2015-07-14T09:25:00Z,1,7.25,8,9.1,2.8,1,1.524,2
SK05JG0224,BUFFALO POUND LK.-1.5KM DNSTRM QU'APPELLE W. (SWA),50.73463,-105.62926,2015-07-14T09:45:00Z,0.7,8.94,14,14,5.4,0.7,2.105,1.2
SK05JG0225,BUFFALO POUND LK.-1.5KM DNSTRM QU'APPELLE E. (SWA),50.73632,-105.62371,2015-07-14T10:00:00Z,1,14.15,27,24.9,7.6,0.45,2.928,1.6
SK05JG0220,BUFFALO POUND LK.-1.5KM DNSTRM QU'APPELLE R. (SWA),50.73569,-105.62639,2015-08-24T09:55:00Z,1,14.07,16,15.3,6.2,0.6,2.174,1.7
SK05JG0225,BUFFALO POUND LK.-1.5KM DNSTRM QU'APPELLE E. (SWA),50.73632,-105.62371,2015-08-24T10:10:00Z,1,15.1,21,24.6,7.9,0.4,2.169,1.7
SK05JG0224,BUFFALO POUND LK.-1.5KM DNSTRM QU'APPELLE W. (SWA),50.73463,-105.62926,2015-08-24T10:25:00Z,1,10.18,11,11,5.1,0.6,1.802,1.4
SK05JG0222,BUFFALO POUND LK.-UPSTRM OF CSWY W. SIDE (SWA),50.72074,-105.60694,2015-08-24T10:45:00Z,1,28.02,16,18,8.6,0.4,2.215,2.25
SK05JG0223,BUFFALO POUND LK.-UPSTRM OF CSWY E. SIDE (SWA),50.72217,-105.59931,2015-08-24T11:20:00Z,1,38.56,17,19,8.2,0.4,2.919,2.2
SK05JG0094,BUFFALO POUND LK.-0.5MI. BELOW CAUSEWAY; OPP.,50.71159,-105.58777,2015-08-24T11:45:00Z,1,21.73,11,12,6.9,0.6,1.611,3.2
SK05JG0095,BUFFALO POUND LK.-3MI. BELOW CAUSEWAY;OPP.START OF,50.68295,-105.5591,2015-08-24T12:10:00Z,1,38.7,11,9.7,6.4,0.7,1.638,4.1
SK05JG0096,BUFFALO POUND LK.-OPP. SUN VALLEY;OPP.ENTRANCE RD.,50.65615,-105.52058,2015-08-24T12:40:00Z,1,26.79,9,9.5,8.7,0.9,1.526,4.4
SK05JG0098,BUFFALO POUND LK.-10MI.BELOW CAUSEWAY OPP.PROV.PK.,50.6178,-105.44383,2015-08-24T13:15:00Z,1,38.32,10,9,6.5,0.9,1.557,4.7
SK05JG0102,BUFFALO POUND LK.-OPP. PLANT INTAKE @ MID-LK. (B8,50.58653,-105.38421,2015-08-24T13:45:00Z,1,56.32,12,13,9.7,0.7,1.994,4.2
SK05JG0104,BUFFALO POUND LK.-0.5MI.ABOVE OUTLET FROM BPL @MID,50.57318,-105.34174,2015-08-24T14:15:00Z,1,99.77,21,28,27,0.4,2.459,2.5
SK05JG0102,BUFFALO POUND LK.-OPP. PLANT INTAKE @ MID-LK. (B8,50.58653,-105.38421,2015-10-21T11:00:00Z,1,13.07,6,6.2,3.2,1.1,1.145,3.6
SK05JG0104,BUFFALO POUND LK.-0.5MI.ABOVE OUTLET FROM BPL @MID,50.57318,-105.34174,2015-10-21T11:45:00Z,1,17.13,12,8.8,4.2,0.8,2.634,2.1
SK05JG0098,BUFFALO POUND LK.-10MI.BELOW CAUSEWAY OPP.PROV.PK.,50.6178,-105.44383,2015-10-21T12:40:00Z,1,14.25,8,5.5,3.5,1.1,1.25,4.1
SK05JG0096,BUFFALO POUND LK.-OPP. SUN VALLEY;OPP.ENTRANCE RD.,50.65615,-105.52058,2015-10-21T13:25:00Z,1,12.29,7,4.5,3.6,1,1.215,3.7
SK05JG0095,BUFFALO POUND LK.-3MI. BELOW CAUSEWAY;OPP.START OF,50.68295,-105.5591,2015-10-21T13:50:00Z,1,12.38,7,5.5,4,1,1.291,3.5
SK05JG0094,BUFFALO POUND LK.-0.5MI. BELOW CAUSEWAY; OPP.,50.71159,-105.58777,2015-10-21T14:15:00Z,1,10.66,11,11,7.2,0.6,1.675,2.7
SK05JG0223,BUFFALO POUND LK.-UPSTRM OF CSWY E. SIDE (SWA),50.72217,-105.59931,2015-10-21T14:50:00Z,1,12.42,9,10.7,5.4,0.9,1.793,1.6
SK05JG0222,BUFFALO POUND LK.-UPSTRM OF CSWY W. SIDE (SWA),50.72074,-105.60694,2015-10-21T15:30:00Z,1,12.5,10,11.6,7,0.7,1.634,1.7
SK05JG0224,BUFFALO POUND LK.-1.5KM DNSTRM QU'APPELLE W. (SWA),50.73463,-105.62926,2015-10-21T15:55:00Z,0.5,16.62,17,15.9,7.8,0.6,2.25,0.75
SK05JG0220,BUFFALO POUND LK.-1.5KM DNSTRM QU'APPELLE R. (SWA),50.73569,-105.62639,2015-10-21T16:15:00Z,0.5,9.59,15,20.2,8,0.5,2.004,1.1
SK05JG0225,BUFFALO POUND LK.-1.5KM DNSTRM QU'APPELLE E. (SWA),50.73632,-105.62371,2015-10-21T16:40:00Z,0.5,10.18,14,16.3,6.9,0.55,2.115,1.1
SK05JG0102,BUFFALO POUND LK.-OPP. PLANT INTAKE @ MID-LK. (B8,50.58653,-105.38421,2016-04-12T09:45:00Z,1,8.37,7,7.4,3.4,0.8,1.137,4
SK05JG0104,BUFFALO POUND LK.-0.5MI.ABOVE OUTLET FROM BPL @MID,50.57318,-105.34174,2016-04-12T10:30:00Z,1,11.31,10,10.7,4.5,0.7,1.557,2.45
SK05JG0098,BUFFALO POUND LK.-10MI.BELOW CAUSEWAY OPP.PROV.PK.,50.6178,-105.44383,2016-04-12T11:00:00Z,1,9.84,5,5,2.7,1.1,1.043,4.65
SK05JG0096,BUFFALO POUND LK.-OPP. SUN VALLEY;OPP.ENTRANCE RD.,50.65615,-105.52058,2016-04-12T11:40:00Z,1,10.53,4,4.3,2.1,1.2,0.911,4.1
SK05JG0095,BUFFALO POUND LK.-3MI. BELOW CAUSEWAY;OPP.START OF,50.68295,-105.5591,2016-04-12T12:10:00Z,1,15.15,8,9.1,3.4,0.75,1.262,3.95
SK05JG0094,BUFFALO POUND LK.-0.5MI. BELOW CAUSEWAY; OPP.,50.71159,-105.58777,2016-04-12T12:40:00Z,1,12.21,7,7.3,2.9,1,1.376,3.1
SK05JG0232,BUFFALO POUND LK.-0.5MI. BELOW CSWY W. SIDE (SWA),50.71074,-105.59017,2016-04-12T13:00:00Z,1,21.54,33,35,16,0.4,2.673,3
SK05JG0222,BUFFALO POUND LK.-UPSTRM OF CSWY W. SIDE (SWA),50.72074,-105.60694,2016-04-12T13:20:00Z,1,27.14,57,75,10,0.2,4.213,2.05
SK05JG0223,BUFFALO POUND LK.-UPSTRM OF CSWY E. SIDE (SWA),50.72217,-105.59931,2016-04-12T14:10:00Z,0.1,29.19,55,78,36,0.2,4.48,2.1
SK05JG0224,BUFFALO POUND LK.-1.5KM DNSTRM QU'APPELLE W. (SWA),50.73463,-105.62926,2016-04-12T14:30:00Z,0.1,33.93,62,79,35,0.2,NA,1.3
SK05JG0220,BUFFALO POUND LK.-1.5KM DNSTRM QU'APPELLE R. (SWA),50.73569,-105.62639,2016-04-12T14:55:00Z,0.1,31.56,63,76,36,0.2,NA,1.55
SK05JG0225,BUFFALO POUND LK.-1.5KM DNSTRM QU'APPELLE E. (SWA),50.73632,-105.62371,2016-04-12T15:10:00Z,0.1,29.51,56,75,37,0.2,NA,1.6
SK05JG0102,BUFFALO POUND LK.-OPP. PLANT INTAKE @ MID-LK. (B8,50.58653,-105.38421,2016-05-19T09:45:00Z,1,2.24,4,1.1,1.2,2.9,0.569,3.95
SK05JG0104,BUFFALO POUND LK.-0.5MI.ABOVE OUTLET FROM BPL @MID,50.57318,-105.34174,2016-05-19T10:15:00Z,1,3.19,3,1.8,1.5,NA,0.68,2.35
SK05JG0098,BUFFALO POUND LK.-10MI.BELOW CAUSEWAY OPP.PROV.PK.,50.6178,-105.44383,2016-05-19T11:05:00Z,1,3.19,4,0.9,0.76,3.1,0.632,4.5
SK05JG0096,BUFFALO POUND LK.-OPP. SUN VALLEY;OPP.ENTRANCE RD.,50.65615,-105.52058,2016-05-19T11:50:00Z,1,6.38,4,1.1,1.6,2.8,0.579,4.1
SK05JG0096,BUFFALO POUND LK.-OPP. SUN VALLEY;OPP.ENTRANCE RD.,50.65615,-105.52058,2016-05-19T12:00:00Z,3,7.26,3,1.1,1.1,2.8,0.579,4.1
SK05JG0095,BUFFALO POUND LK.-3MI. BELOW CAUSEWAY;OPP.START OF,50.68295,-105.5591,2016-05-19T12:40:00Z,1,4.48,3,1.6,1.2,3,0.48,3.65
SK05JG0094,BUFFALO POUND LK.-0.5MI. BELOW CAUSEWAY; OPP.,50.71159,-105.58777,2016-05-19T13:40:00Z,1,3.99,3,2.1,4.7,2.4,0.74,3
SK05JG0232,BUFFALO POUND LK.-0.5MI. BELOW CSWY W. SIDE (SWA),50.71074,-105.59017,2016-05-19T14:00:00Z,1,4.55,3,3.7,3.4,2.3,0.588,2.9
SK05JG0222,BUFFALO POUND LK.-UPSTRM OF CSWY W. SIDE (SWA),50.72074,-105.60694,2016-05-19T14:20:00Z,1,4.07,3,3.7,2.1,1.5,1.124,1.8
SK05JG0223,BUFFALO POUND LK.-UPSTRM OF CSWY E. SIDE (SWA),50.72217,-105.59931,2016-05-19T15:10:00Z,1,4.07,3,2.9,2.2,1.6,0.965,2.1
SK05JG0224,BUFFALO POUND LK.-1.5KM DNSTRM QU'APPELLE W. (SWA),50.73463,-105.62926,2016-05-19T15:30:00Z,1,7.8,12,11.1,5,0.8,1.421,1.2
SK05JG0220,BUFFALO POUND LK.-1.5KM DNSTRM QU'APPELLE R. (SWA),50.73569,-105.62639,2016-05-19T15:50:00Z,1,9.41,13,15,8,0.7,1.682,1.5
SK05JG0225,BUFFALO POUND LK.-1.5KM DNSTRM QU'APPELLE E. (SWA),50.73632,-105.62371,2016-05-19T16:10:00Z,1,6.79,9,9.3,4.9,0.7,1.294,1.5
SK05JG0102,BUFFALO POUND LK.-OPP. PLANT INTAKE @ MID-LK. (B8,50.58653,-105.38421,2016-07-20T09:35:00Z,1,55.49,11,18,17,0.6,2.258,4.1
SK05JG0104,BUFFALO POUND LK.-0.5MI.ABOVE OUTLET FROM BPL @MID,50.57318,-105.34174,2016-07-20T09:55:00Z,1,30.94,10,10.7,11,0.6,1.957,2.5
SK05JG0098,BUFFALO POUND LK.-10MI.BELOW CAUSEWAY OPP.PROV.PK.,50.6178,-105.44383,2016-07-20T10:35:00Z,1,63.71,15,19,20,0.6,2.479,4.7
SK05JG0098,BUFFALO POUND LK.-10MI.BELOW CAUSEWAY OPP.PROV.PK.,50.6178,-105.44383,2016-07-20T10:50:00Z,4,20.83,12,9,8.4,0.6,2.479,4.7
SK05JG0096,BUFFALO POUND LK.-OPP. SUN VALLEY;OPP.ENTRANCE RD.,50.65615,-105.52058,2016-07-20T11:20:00Z,1,62.69,10,15,18,0.6,2.163,4.3
SK05JG0095,BUFFALO POUND LK.-3MI. BELOW CAUSEWAY;OPP.START OF,50.68295,-105.5591,2016-07-20T11:45:00Z,1,44.2,9,11,13,0.8,1.711,4.1
SK05JG0094,BUFFALO POUND LK.-0.5MI. BELOW CAUSEWAY; OPP.,50.71159,-105.58777,2016-07-20T12:25:00Z,1,18.11,6,6,5.5,0.9,1.38,3.1
SK05JG0232,BUFFALO POUND LK.-0.5MI. BELOW CSWY W. SIDE (SWA),50.71074,-105.59017,2016-07-20T12:45:00Z,1,23.14,6,5.2,6,0.8,1.105,3.1
SK05JG0222,BUFFALO POUND LK.-UPSTRM OF CSWY W. SIDE (SWA),50.72074,-105.60694,2016-07-20T13:05:00Z,1,2.37,1,0.75,0.98,NA,NA,2.2
SK05JG0223,BUFFALO POUND LK.-UPSTRM OF CSWY E. SIDE (SWA),50.72217,-105.59931,2016-07-20T13:50:00Z,0.5,6.57,NA,0.42,0.72,NA,NA,2.2
SK05JG0224,BUFFALO POUND LK.-1.5KM DNSTRM QU'APPELLE W. (SWA),50.73463,-105.62926,2016-07-20T14:20:00Z,0.5,12.9,10,15,10,0.6,3.231,1.3
SK05JG0220,BUFFALO POUND LK.-1.5KM DNSTRM QU'APPELLE R. (SWA),50.73569,-105.62639,2016-07-20T14:40:00Z,0.5,14.06,3,4.4,3.9,0.9,NA,1.6
SK05JG0225,BUFFALO POUND LK.-1.5KM DNSTRM QU'APPELLE E. (SWA),50.73632,-105.62371,2016-07-20T14:55:00Z,0.5,22.72,32,NA,20,0.4,3.899,1.7
SK05JG0102,BUFFALO POUND LK.-OPP. PLANT INTAKE @ MID-LK. (B8,50.58653,-105.38421,2016-09-22T08:50:00Z,1,35.21,18,16,10,0.6,2.04,3.9
SK05JG0104,BUFFALO POUND LK.-0.5MI.ABOVE OUTLET FROM BPL @MID,50.57318,-105.34174,2016-09-22T09:15:00Z,1,36.07,15,17,12,0.55,2.189,2.45
SK05JG0098,BUFFALO POUND LK.-10MI.BELOW CAUSEWAY OPP.PROV.PK.,50.6178,-105.44383,2016-09-22T09:35:00Z,1,26.15,12,9.4,5.9,0.9,1.46,4.5
SK05JG0096,BUFFALO POUND LK.-OPP. SUN VALLEY;OPP.ENTRANCE RD.,50.65615,-105.52058,2016-09-22T10:15:00Z,1,21.64,9,8.9,5.2,1,1.39,4.2
SK05JG0095,BUFFALO POUND LK.-3MI. BELOW CAUSEWAY;OPP.START OF,50.68295,-105.5591,2016-09-22T10:40:00Z,1,18.3,9,7.2,5.6,1,1.31,3.8
SK05JG0094,BUFFALO POUND LK.-0.5MI. BELOW CAUSEWAY; OPP.,50.71159,-105.58777,2016-09-22T11:05:00Z,1,19.61,13,11.3,6.7,0.95,1.499,3
SK05JG0232,BUFFALO POUND LK.-0.5MI. BELOW CSWY W. SIDE (SWA),50.71074,-105.59017,2016-09-22T11:15:00Z,1,19.61,13,10.8,7.5,0.9,1.458,2.9
SK05JG0222,BUFFALO POUND LK.-UPSTRM OF CSWY W. SIDE (SWA),50.72074,-105.60694,2016-09-22T11:50:00Z,1,18.06,20,16,12,0.6,2.288,2
SK05JG0223,BUFFALO POUND LK.-UPSTRM OF CSWY E. SIDE (SWA),50.72217,-105.59931,2016-09-22T12:25:00Z,1,16.46,10,7.7,5.8,0.9,1.412,2
SK05JG0225,BUFFALO POUND LK.-1.5KM DNSTRM QU'APPELLE E. (SWA),50.73632,-105.62371,2016-09-22T12:55:00Z,0.7,16.07,24,20.9,15,0.5,2.432,1.5
SK05JG0220,BUFFALO POUND LK.-1.5KM DNSTRM QU'APPELLE R. (SWA),50.73569,-105.62639,2016-09-22T13:10:00Z,0.7,15.66,34,32,19,0.45,2.558,1.5
SK05JG0224,BUFFALO POUND LK.-1.5KM DNSTRM QU'APPELLE W. (SWA),50.73463,-105.62926,2016-09-22T13:25:00Z,0.7,3.77,6,7.9,5.3,1,2.121,1.25
SK05JG0094,BUFFALO POUND LK.-0.5MI. BELOW CAUSEWAY; OPP.,50.71159,-105.58777,2017-03-21T10:15:00Z,1,12.45,4,16.6,3.5,NA,NA,3.15
SK05JG0095,BUFFALO POUND LK.-3MI. BELOW CAUSEWAY;OPP.START OF,50.68295,-105.5591,2017-03-21T11:00:00Z,1,8.72,1,1.88,1.8,NA,NA,3.9
SK05JG0096,BUFFALO POUND LK.-OPP. SUN VALLEY;OPP.ENTRANCE RD.,50.65615,-105.52058,2017-03-21T11:40:00Z,1,10.76,2,1.6,1.7,NA,NA,4.25
SK05JG0098,BUFFALO POUND LK.-10MI.BELOW CAUSEWAY OPP.PROV.PK.,50.6178,-105.44383,2017-03-21T12:40:00Z,1,8.4,1,1.4,1.2,NA,NA,4.6
SK05JG0102,BUFFALO POUND LK.-OPP. PLANT INTAKE @ MID-LK. (B8,50.58653,-105.38421,2017-03-21T13:20:00Z,1,9.95,2,3.4,2,NA,NA,4
SK05JG0220,BUFFALO POUND LK.-1.5KM DNSTRM QU'APPELLE R. (SWA),50.73569,-105.62639,2017-03-21T16:30:00Z,1,13.44,13,15.9,9.8,NA,NA,1.6
SK05JG0102,BUFFALO POUND LK.-OPP. PLANT INTAKE @ MID-LK. (B8,50.58653,-105.38421,2017-05-15T10:10:00Z,1,5.91,5,3.4,1.9,1.5,0.853,3.93
SK05JG0104,BUFFALO POUND LK.-0.5MI.ABOVE OUTLET FROM BPL @MID,50.57318,-105.34174,2017-05-15T10:50:00Z,1,5.17,6,4.1,2.2,1.3,1.04,2.42
SK05JG0098,BUFFALO POUND LK.-10MI.BELOW CAUSEWAY OPP.PROV.PK.,50.6178,-105.44383,2017-05-15T11:20:00Z,1,6.87,3,2.6,1.6,1.3,0.583,4.68
SK05JG0096,BUFFALO POUND LK.-OPP. SUN VALLEY;OPP.ENTRANCE RD.,50.65615,-105.52058,2017-05-15T11:55:00Z,1,6.27,4,2.2,1.7,1.7,0.647,4.13
SK05JG0095,BUFFALO POUND LK.-3MI. BELOW CAUSEWAY;OPP.START OF,50.68295,-105.5591,2017-05-15T12:20:00Z,1,6.87,4,3.1,1.8,1.5,0.798,3.9
SK05JG0094,BUFFALO POUND LK.-0.5MI. BELOW CAUSEWAY; OPP.,50.71159,-105.58777,2017-05-15T12:45:00Z,1,6.87,4,3.6,2,1.4,0.813,3.05
SK05JG0222,BUFFALO POUND LK.-UPSTRM OF CSWY W. SIDE (SWA),50.72074,-105.60694,2017-05-15T13:10:00Z,1,12.9,23,20,10,0.4,2.206,2.15
SK05JG0223,BUFFALO POUND LK.-UPSTRM OF CSWY E. SIDE (SWA),50.72217,-105.59931,2017-05-15T13:50:00Z,1,12.79,11,10.5,6.2,0.9,1.504,2.1
SK05JG0224,BUFFALO POUND LK.-1.5KM DNSTRM QU'APPELLE W. (SWA),50.73463,-105.62926,2017-05-15T14:10:00Z,0.5,11.36,14,12.7,5.4,0.8,1.117,1.15
SK05JG0220,BUFFALO POUND LK.-1.5KM DNSTRM QU'APPELLE R. (SWA),50.73569,-105.62639,2017-05-15T14:25:00Z,0.5,16.52,24,22.7,11,0.5,2.12,1.5
SK05JG0225,BUFFALO POUND LK.-1.5KM DNSTRM QU'APPELLE E. (SWA),50.73632,-105.62371,2017-05-15T14:45:00Z,0.5,23.76,37,35,17,0.35,2.843,1.6
SK05JG0102,BUFFALO POUND LK.-OPP. PLANT INTAKE @ MID-LK. (B8,50.58653,-105.38421,2017-06-09T09:25:00Z,1,29.54,8,4.2,5.3,1,1.338,3.95
SK05JG0104,BUFFALO POUND LK.-0.5MI.ABOVE OUTLET FROM BPL @MID,50.57318,-105.34174,2017-06-09T09:50:00Z,1,54.55,17,10.3,9.5,0.8,2.397,2.45
SK05JG0098,BUFFALO POUND LK.-10MI.BELOW CAUSEWAY OPP.PROV.PK.,50.6178,-105.44383,2017-06-09T10:25:00Z,1,26.48,6,3.9,4.3,1.3,1.1,4.6
SK05JG0096,BUFFALO POUND LK.-OPP. SUN VALLEY;OPP.ENTRANCE RD.,50.65615,-105.52058,2017-06-09T10:55:00Z,1,20.48,5,3.2,4.5,1.2,1.116,4.25
SK05JG0095,BUFFALO POUND LK.-3MI. BELOW CAUSEWAY;OPP.START OF,50.68295,-105.5591,2017-06-09T11:20:00Z,1,15.95,5,3,3.6,1.4,1.006,3.9
SK05JG0094,BUFFALO POUND LK.-0.5MI. BELOW CAUSEWAY; OPP.,50.71159,-105.58777,2017-06-09T11:45:00Z,1,16.53,18,10.3,6.4,0.6,1.657,3.1
SK05JG0222,BUFFALO POUND LK.-UPSTRM OF CSWY W. SIDE (SWA),50.72074,-105.60694,2017-06-09T12:05:00Z,1,4.52,3,1.7,2.3,NA,1.125,2.1
SK05JG0223,BUFFALO POUND LK.-UPSTRM OF CSWY E. SIDE (SWA),50.72217,-105.59931,2017-06-09T12:35:00Z,1,13.58,7,5.2,4.1,1.3,1.145,2.1
SK05JG0225,BUFFALO POUND LK.-1.5KM DNSTRM QU'APPELLE E. (SWA),50.73632,-105.62371,2017-06-09T12:55:00Z,1,20.37,16,11.4,9.7,0.5,1.734,1.6
SK05JG0220,BUFFALO POUND LK.-1.5KM DNSTRM QU'APPELLE R. (SWA),50.73569,-105.62639,2017-06-09T13:10:00Z,1,11.21,8,5.7,4.9,1,1.599,1.5
SK05JG0224,BUFFALO POUND LK.-1.5KM DNSTRM QU'APPELLE W. (SWA),50.73463,-105.62926,2017-06-09T13:25:00Z,1,6.79,4,4.1,2.9,NA,1.295,1.28
SK05JG0102,BUFFALO POUND LK.-OPP. PLANT INTAKE @ MID-LK. (B8,50.58653,-105.38421,2017-06-12T09:30:00Z,1,7.26,7,3.5,1.9,1.1,0.91,3.9
SK05JG0104,BUFFALO POUND LK.-0.5MI.ABOVE OUTLET FROM BPL @MID,50.57318,-105.34174,2017-06-12T09:50:00Z,1,7.26,6,3.9,1.7,1,0.934,2.5
SK05JG0098,BUFFALO POUND LK.-10MI.BELOW CAUSEWAY OPP.PROV.PK.,50.6178,-105.44383,2017-06-12T10:20:00Z,1,7.26,3,2.4,1.6,1.9,0.717,4.6
SK05JG0096,BUFFALO POUND LK.-OPP. SUN VALLEY;OPP.ENTRANCE RD.,50.65615,-105.52058,2017-06-12T10:50:00Z,1,7.26,5,2.9,2,1.4,0.717,4.1
SK05JG0095,BUFFALO POUND LK.-3MI. BELOW CAUSEWAY;OPP.START OF,50.68295,-105.5591,2017-06-12T11:15:00Z,1,13.64,5,3.8,3,1.05,0.933,3.9
SK05JG0094,BUFFALO POUND LK.-0.5MI. BELOW CAUSEWAY; OPP.,50.71159,-105.58777,2017-06-12T11:35:00Z,1,18.13,13,11.5,5.8,0.65,1.595,3
SK05JG0222,BUFFALO POUND LK.-UPSTRM OF CSWY W. SIDE (SWA),50.72074,-105.60694,2017-06-12T12:00:00Z,0.5,26.88,8,6.2,14,0.9,1.723,2.1
SK05JG0223,BUFFALO POUND LK.-UPSTRM OF CSWY E. SIDE (SWA),50.72217,-105.59931,2017-06-12T12:35:00Z,0.5,14.53,7,6.5,6.1,0.9,2.122,2.1
SK05JG0224,BUFFALO POUND LK.-1.5KM DNSTRM QU'APPELLE W. (SWA),50.73463,-105.62926,2017-06-12T13:00:00Z,0.5,5.43,6,6,3.6,0.95,NA,1.3
SK05JG0220,BUFFALO POUND LK.-1.5KM DNSTRM QU'APPELLE R. (SWA),50.73569,-105.62639,2017-06-12T13:15:00Z,0.5,9.09,14,13.1,7.4,0.5,1.667,1.6
SK05JG0225,BUFFALO POUND LK.-1.5KM DNSTRM QU'APPELLE E. (SWA),50.73632,-105.62371,2017-06-12T13:30:00Z,0.5,11.36,17,18.7,8.3,0.4,1.972,1.6
SK05JG0102,BUFFALO POUND LK.-OPP. PLANT INTAKE @ MID-LK. (B8,50.58653,-105.38421,2017-07-11T09:20:00Z,1,25.01,6,6.7,5.7,1.1,1.309,4
SK05JG0104,BUFFALO POUND LK.-0.5MI.ABOVE OUTLET FROM BPL @MID,50.57318,-105.34174,2017-07-11T09:45:00Z,1,15.16,5,3.8,3.1,1.4,1.114,2.5
SK05JG0098,BUFFALO POUND LK.-10MI.BELOW CAUSEWAY OPP.PROV.PK.,50.6178,-105.44383,2017-07-11T10:10:00Z,1,39.48,8,9.8,7.6,1.1,1.437,4.65
SK05JG0096,BUFFALO POUND LK.-OPP. SUN VALLEY;OPP.ENTRANCE RD.,50.65615,-105.52058,2017-07-11T10:40:00Z,1,24.06,7,7.2,5.3,1.2,1.278,4.3
SK05JG0095,BUFFALO POUND LK.-3MI. BELOW CAUSEWAY;OPP.START OF,50.68295,-105.5591,2017-07-11T11:05:00Z,1,14.37,7,6.4,3.7,1.1,1.164,3.9
SK05JG0094,BUFFALO POUND LK.-0.5MI. BELOW CAUSEWAY; OPP.,50.71159,-105.58777,2017-07-11T11:25:00Z,1,7.57,15,11,4.3,0.9,1.526,3.1
SK05JG0222,BUFFALO POUND LK.-UPSTRM OF CSWY W. SIDE (SWA),50.72074,-105.60694,2017-07-11T11:45:00Z,0.1,3.63,NA,0.78,0.83,NA,NA,2.05
SK05JG0223,BUFFALO POUND LK.-UPSTRM OF CSWY E. SIDE (SWA),50.72217,-105.59931,2017-07-11T12:15:00Z,0.1,3.05,NA,0.81,0.92,NA,NA,2.15
SK05JG0224,BUFFALO POUND LK.-1.5KM DNSTRM QU'APPELLE W. (SWA),50.73463,-105.62926,2017-07-11T12:45:00Z,0.1,3.05,3,1.4,2.1,NA,NA,1.3
SK05JG0220,BUFFALO POUND LK.-1.5KM DNSTRM QU'APPELLE R. (SWA),50.73569,-105.62639,2017-07-11T12:55:00Z,0.5,7.47,10,9.6,5.74,0.9,2.424,1.6
SK05JG0225,BUFFALO POUND LK.-1.5KM DNSTRM QU'APPELLE E. (SWA),50.73632,-105.62371,2017-07-11T13:15:00Z,0.5,10.32,25,24.8,11,0.4,2.327,1.6
SK05JG0102,BUFFALO POUND LK.-OPP. PLANT INTAKE @ MID-LK. (B8,50.58653,-105.38421,2017-08-09T09:55:00Z,1,27.27,16,25,37,0.47,2.83,3.96
SK05JG0104,BUFFALO POUND LK.-0.5MI.ABOVE OUTLET FROM BPL @MID,50.57318,-105.34174,2017-08-09T10:20:00Z,0.5,44.02,15,20,26,0.53,4.05,2.5
SK05JG0098,BUFFALO POUND LK.-10MI.BELOW CAUSEWAY OPP.PROV.PK.,50.6178,-105.44383,2017-08-09T10:50:00Z,1,75.03,11,18,20,0.57,2.416,4.7
SK05JG0096,BUFFALO POUND LK.-OPP. SUN VALLEY;OPP.ENTRANCE RD.,50.65615,-105.52058,2017-08-09T11:15:00Z,1,50.7,10,12,21,0.8,1.957,4.17
SK05JG0095,BUFFALO POUND LK.-3MI. BELOW CAUSEWAY;OPP.START OF,50.68295,-105.5591,2017-08-09T11:40:00Z,1,60.08,10,18,29,0.7,2.249,3.87
SK05JG0094,BUFFALO POUND LK.-0.5MI. BELOW CAUSEWAY; OPP.,50.71159,-105.58777,2017-08-09T12:00:00Z,1,47.86,15,17,29,0.8,2.389,3.05
SK05JG0222,BUFFALO POUND LK.-UPSTRM OF CSWY W. SIDE (SWA),50.72074,-105.60694,2017-08-09T12:20:00Z,1,4.52,NA,1.5,1.4,NA,1.082,2.04
SK05JG0223,BUFFALO POUND LK.-UPSTRM OF CSWY E. SIDE (SWA),50.72217,-105.59931,2017-08-09T12:50:00Z,1,9.05,1,1.8,1.3,NA,0.894,2.19
SK05JG0225,BUFFALO POUND LK.-1.5KM DNSTRM QU'APPELLE E. (SWA),50.73632,-105.62371,2017-08-09T13:15:00Z,0.5,8.94,17,17,9.3,0.45,2.095,1.67
SK05JG0220,BUFFALO POUND LK.-1.5KM DNSTRM QU'APPELLE R. (SWA),50.73569,-105.62639,2017-08-09T13:30:00Z,0.5,2.37,4,4.4,3.2,1.2,NA,1.55
SK05JG0224,BUFFALO POUND LK.-1.5KM DNSTRM QU'APPELLE W. (SWA),50.73463,-105.62926,2017-08-09T13:45:00Z,0.1,6.68,2,0.5,0.98,NA,NA,1.3